BoilersArea,1,Object
BoilersArea_BoilerAlpha,81,Object
BoilersArea_BoilerAlpha_InputPipe,82,Object
BoilersArea_BoilerAlpha_InputPipe_FlowTransmitter1,83,Object
BoilersArea_BoilerAlpha_InputPipe_FlowTransmitter1_Output,84,Variable
BoilersArea_BoilerAlpha_InputPipe_FlowTransmitter1_Output_Definition,85,Variable
BoilersArea_BoilerAlpha_InputPipe_FlowTransmitter1_Output_ValuePrecision,86,Variable
BoilersArea_BoilerAlpha_InputPipe_FlowTransmitter1_Output_InstrumentRange,87,Variable
BoilersArea_BoilerAlpha_InputPipe_FlowTransmitter1_Output_EURange,88,Variable
BoilersArea_BoilerAlpha_InputPipe_FlowTransmitter1_Output_EngineeringUnits,89,Variable
BoilersArea_BoilerAlpha_InputPipe_Valve,90,Object
BoilersArea_BoilerAlpha_InputPipe_Valve_Input,91,Variable
BoilersArea_BoilerAlpha_InputPipe_Valve_Input_Definition,92,Variable
BoilersArea_BoilerAlpha_InputPipe_Valve_Input_ValuePrecision,93,Variable
BoilersArea_BoilerAlpha_InputPipe_Valve_Input_InstrumentRange,94,Variable
BoilersArea_BoilerAlpha_InputPipe_Valve_Input_EURange,95,Variable
BoilersArea_BoilerAlpha_InputPipe_Valve_Input_EngineeringUnits,96,Variable
BoilersArea_BoilerAlpha_Drum,97,Object
BoilersArea_BoilerAlpha_Drum_LevelIndicator,98,Object
BoilersArea_BoilerAlpha_Drum_LevelIndicator_Output,99,Variable
BoilersArea_BoilerAlpha_Drum_LevelIndicator_Output_Definition,100,Variable
BoilersArea_BoilerAlpha_Drum_LevelIndicator_Output_ValuePrecision,101,Variable
BoilersArea_BoilerAlpha_Drum_LevelIndicator_Output_InstrumentRange,102,Variable
BoilersArea_BoilerAlpha_Drum_LevelIndicator_Output_EURange,103,Variable
BoilersArea_BoilerAlpha_Drum_LevelIndicator_Output_EngineeringUnits,104,Variable
BoilersArea_BoilerAlpha_OutputPipe,105,Object
BoilersArea_BoilerAlpha_OutputPipe_FlowTransmitter2,106,Object
BoilersArea_BoilerAlpha_OutputPipe_FlowTransmitter2_Output,107,Variable
BoilersArea_BoilerAlpha_OutputPipe_FlowTransmitter2_Output_Definition,108,Variable
BoilersArea_BoilerAlpha_OutputPipe_FlowTransmitter2_Output_ValuePrecision,109,Variable
BoilersArea_BoilerAlpha_OutputPipe_FlowTransmitter2_Output_InstrumentRange,110,Variable
BoilersArea_BoilerAlpha_OutputPipe_FlowTransmitter2_Output_EURange,111,Variable
BoilersArea_BoilerAlpha_OutputPipe_FlowTransmitter2_Output_EngineeringUnits,112,Variable
BoilersArea_BoilerAlpha_FlowController,113,Object
BoilersArea_BoilerAlpha_FlowController_Measurement,114,Variable
BoilersArea_BoilerAlpha_FlowController_SetPoint,115,Variable
BoilersArea_BoilerAlpha_FlowController_ControlOut,116,Variable
BoilersArea_BoilerAlpha_LevelController,117,Object
BoilersArea_BoilerAlpha_LevelController_Measurement,118,Variable
BoilersArea_BoilerAlpha_LevelController_SetPoint,119,Variable
BoilersArea_BoilerAlpha_LevelController_ControlOut,120,Variable
BoilersArea_BoilerAlpha_CustomController,121,Object
BoilersArea_BoilerAlpha_CustomController_Input1,122,Variable
BoilersArea_BoilerAlpha_CustomController_Input2,123,Variable
BoilersArea_BoilerAlpha_CustomController_Input3,124,Variable
BoilersArea_BoilerAlpha_CustomController_ControlOut,125,Variable
BoilersArea_BoilerAlpha_CustomController_DescriptionX,126,Variable
BoilersArea_BoilerAlpha_Simulation,127,Object
BoilersArea_BoilerAlpha_Simulation_CurrentState,128,Variable
BoilersArea_BoilerAlpha_Simulation_CurrentState_Id,129,Variable
BoilersArea_BoilerAlpha_Simulation_CurrentState_Name,130,Variable
BoilersArea_BoilerAlpha_Simulation_CurrentState_Number,131,Variable
BoilersArea_BoilerAlpha_Simulation_CurrentState_EffectiveDisplayName,132,Variable
BoilersArea_BoilerAlpha_Simulation_LastTransition,133,Variable
BoilersArea_BoilerAlpha_Simulation_LastTransition_Id,134,Variable
BoilersArea_BoilerAlpha_Simulation_LastTransition_Name,135,Variable
BoilersArea_BoilerAlpha_Simulation_LastTransition_Number,136,Variable
BoilersArea_BoilerAlpha_Simulation_LastTransition_TransitionTime,137,Variable
BoilersArea_BoilerAlpha_Simulation_LastTransition_EffectiveTransitionTime,138,Variable
BoilersArea_BoilerAlpha_Simulation_Deletable,139,Variable
BoilersArea_BoilerAlpha_Simulation_AutoDelete,140,Variable
BoilersArea_BoilerAlpha_Simulation_RecycleCount,141,Variable
BoilersArea_BoilerAlpha_Simulation_ProgramDiagnostics,142,Variable
BoilersArea_BoilerAlpha_Simulation_ProgramDiagnostics_CreateSessionId,143,Variable
BoilersArea_BoilerAlpha_Simulation_ProgramDiagnostics_CreateClientName,144,Variable
BoilersArea_BoilerAlpha_Simulation_ProgramDiagnostics_InvocationCreationTime,145,Variable
BoilersArea_BoilerAlpha_Simulation_ProgramDiagnostics_LastTransitionTime,146,Variable
BoilersArea_BoilerAlpha_Simulation_ProgramDiagnostics_LastMethodCall,147,Variable
BoilersArea_BoilerAlpha_Simulation_ProgramDiagnostics_LastMethodSessionId,148,Variable
BoilersArea_BoilerAlpha_Simulation_ProgramDiagnostics_LastMethodInputArguments,149,Variable
BoilersArea_BoilerAlpha_Simulation_ProgramDiagnostics_LastMethodOutputArguments,150,Variable
BoilersArea_BoilerAlpha_Simulation_ProgramDiagnostics_LastMethodCallTime,151,Variable
BoilersArea_BoilerAlpha_Simulation_ProgramDiagnostics_LastMethodReturnStatus,152,Variable
BoilersArea_BoilerAlpha_Simulation_FinalResultData,153,Object
BoilersArea_BoilerAlpha_Simulation_Start,154,Method
BoilersArea_BoilerAlpha_Simulation_Suspend,155,Method
BoilersArea_BoilerAlpha_Simulation_Resume,156,Method
BoilersArea_BoilerAlpha_Simulation_Halt,157,Method
BoilersArea_BoilerAlpha_Simulation_Reset,158,Method
BoilersArea_BoilerAlpha_Simulation_UpdateRate,159,Variable
BoilersArea_BoilerBravo,160,Object
BoilersArea_BoilerBravo_InputPipe,161,Object
BoilersArea_BoilerBravo_InputPipe_FlowTransmitter1,162,Object
BoilersArea_BoilerBravo_InputPipe_FlowTransmitter1_Output,163,Variable
BoilersArea_BoilerBravo_InputPipe_FlowTransmitter1_Output_Definition,164,Variable
BoilersArea_BoilerBravo_InputPipe_FlowTransmitter1_Output_ValuePrecision,165,Variable
BoilersArea_BoilerBravo_InputPipe_FlowTransmitter1_Output_InstrumentRange,166,Variable
BoilersArea_BoilerBravo_InputPipe_FlowTransmitter1_Output_EURange,167,Variable
BoilersArea_BoilerBravo_InputPipe_FlowTransmitter1_Output_EngineeringUnits,168,Variable
BoilersArea_BoilerBravo_InputPipe_Valve,169,Object
BoilersArea_BoilerBravo_InputPipe_Valve_Input,170,Variable
BoilersArea_BoilerBravo_InputPipe_Valve_Input_Definition,171,Variable
BoilersArea_BoilerBravo_InputPipe_Valve_Input_ValuePrecision,172,Variable
BoilersArea_BoilerBravo_InputPipe_Valve_Input_InstrumentRange,173,Variable
BoilersArea_BoilerBravo_InputPipe_Valve_Input_EURange,174,Variable
BoilersArea_BoilerBravo_InputPipe_Valve_Input_EngineeringUnits,175,Variable
BoilersArea_BoilerBravo_Drum,176,Object
BoilersArea_BoilerBravo_Drum_LevelIndicator,177,Object
BoilersArea_BoilerBravo_Drum_LevelIndicator_Output,178,Variable
BoilersArea_BoilerBravo_Drum_LevelIndicator_Output_Definition,179,Variable
BoilersArea_BoilerBravo_Drum_LevelIndicator_Output_ValuePrecision,180,Variable
BoilersArea_BoilerBravo_Drum_LevelIndicator_Output_InstrumentRange,181,Variable
BoilersArea_BoilerBravo_Drum_LevelIndicator_Output_EURange,182,Variable
BoilersArea_BoilerBravo_Drum_LevelIndicator_Output_EngineeringUnits,183,Variable
BoilersArea_BoilerBravo_OutputPipe,184,Object
BoilersArea_BoilerBravo_OutputPipe_FlowTransmitter2,185,Object
BoilersArea_BoilerBravo_OutputPipe_FlowTransmitter2_Output,186,Variable
BoilersArea_BoilerBravo_OutputPipe_FlowTransmitter2_Output_Definition,187,Variable
BoilersArea_BoilerBravo_OutputPipe_FlowTransmitter2_Output_ValuePrecision,188,Variable
BoilersArea_BoilerBravo_OutputPipe_FlowTransmitter2_Output_InstrumentRange,189,Variable
BoilersArea_BoilerBravo_OutputPipe_FlowTransmitter2_Output_EURange,190,Variable
BoilersArea_BoilerBravo_OutputPipe_FlowTransmitter2_Output_EngineeringUnits,191,Variable
BoilersArea_BoilerBravo_FlowController,192,Object
BoilersArea_BoilerBravo_FlowController_Measurement,193,Variable
BoilersArea_BoilerBravo_FlowController_SetPoint,194,Variable
BoilersArea_BoilerBravo_FlowController_ControlOut,195,Variable
BoilersArea_BoilerBravo_LevelController,196,Object
BoilersArea_BoilerBravo_LevelController_Measurement,197,Variable
BoilersArea_BoilerBravo_LevelController_SetPoint,198,Variable
BoilersArea_BoilerBravo_LevelController_ControlOut,199,Variable
BoilersArea_BoilerBravo_CustomController,200,Object
BoilersArea_BoilerBravo_CustomController_Input1,201,Variable
BoilersArea_BoilerBravo_CustomController_Input2,202,Variable
BoilersArea_BoilerBravo_CustomController_Input3,203,Variable
BoilersArea_BoilerBravo_CustomController_ControlOut,204,Variable
BoilersArea_BoilerBravo_CustomController_DescriptionX,205,Variable
BoilersArea_BoilerBravo_Simulation,206,Object
BoilersArea_BoilerBravo_Simulation_CurrentState,207,Variable
BoilersArea_BoilerBravo_Simulation_CurrentState_Id,208,Variable
BoilersArea_BoilerBravo_Simulation_CurrentState_Name,209,Variable
BoilersArea_BoilerBravo_Simulation_CurrentState_Number,210,Variable
BoilersArea_BoilerBravo_Simulation_CurrentState_EffectiveDisplayName,211,Variable
BoilersArea_BoilerBravo_Simulation_LastTransition,212,Variable
BoilersArea_BoilerBravo_Simulation_LastTransition_Id,213,Variable
BoilersArea_BoilerBravo_Simulation_LastTransition_Name,214,Variable
BoilersArea_BoilerBravo_Simulation_LastTransition_Number,215,Variable
BoilersArea_BoilerBravo_Simulation_LastTransition_TransitionTime,216,Variable
BoilersArea_BoilerBravo_Simulation_LastTransition_EffectiveTransitionTime,217,Variable
BoilersArea_BoilerBravo_Simulation_Deletable,218,Variable
BoilersArea_BoilerBravo_Simulation_AutoDelete,219,Variable
BoilersArea_BoilerBravo_Simulation_RecycleCount,220,Variable
BoilersArea_BoilerBravo_Simulation_ProgramDiagnostics,221,Variable
BoilersArea_BoilerBravo_Simulation_ProgramDiagnostics_CreateSessionId,222,Variable
BoilersArea_BoilerBravo_Simulation_ProgramDiagnostics_CreateClientName,223,Variable
BoilersArea_BoilerBravo_Simulation_ProgramDiagnostics_InvocationCreationTime,224,Variable
BoilersArea_BoilerBravo_Simulation_ProgramDiagnostics_LastTransitionTime,225,Variable
BoilersArea_BoilerBravo_Simulation_ProgramDiagnostics_LastMethodCall,226,Variable
BoilersArea_BoilerBravo_Simulation_ProgramDiagnostics_LastMethodSessionId,227,Variable
BoilersArea_BoilerBravo_Simulation_ProgramDiagnostics_LastMethodInputArguments,228,Variable
BoilersArea_BoilerBravo_Simulation_ProgramDiagnostics_LastMethodOutputArguments,229,Variable
BoilersArea_BoilerBravo_Simulation_ProgramDiagnostics_LastMethodCallTime,230,Variable
BoilersArea_BoilerBravo_Simulation_ProgramDiagnostics_LastMethodReturnStatus,231,Variable
BoilersArea_BoilerBravo_Simulation_FinalResultData,232,Object
BoilersArea_BoilerBravo_Simulation_Start,233,Method
BoilersArea_BoilerBravo_Simulation_Suspend,234,Method
BoilersArea_BoilerBravo_Simulation_Resume,235,Method
BoilersArea_BoilerBravo_Simulation_Halt,236,Method
BoilersArea_BoilerBravo_Simulation_Reset,237,Method
BoilersArea_BoilerBravo_Simulation_UpdateRate,238,Variable
BoilersArea_BoilerCharlie,239,Object
BoilersArea_BoilerCharlie_InputPipe,240,Object
BoilersArea_BoilerCharlie_InputPipe_FlowTransmitter1,241,Object
BoilersArea_BoilerCharlie_InputPipe_FlowTransmitter1_Output,242,Variable
BoilersArea_BoilerCharlie_InputPipe_FlowTransmitter1_Output_Definition,243,Variable
BoilersArea_BoilerCharlie_InputPipe_FlowTransmitter1_Output_ValuePrecision,244,Variable
BoilersArea_BoilerCharlie_InputPipe_FlowTransmitter1_Output_InstrumentRange,245,Variable
BoilersArea_BoilerCharlie_InputPipe_FlowTransmitter1_Output_EURange,246,Variable
BoilersArea_BoilerCharlie_InputPipe_FlowTransmitter1_Output_EngineeringUnits,247,Variable
BoilersArea_BoilerCharlie_InputPipe_Valve,248,Object
BoilersArea_BoilerCharlie_InputPipe_Valve_Input,249,Variable
BoilersArea_BoilerCharlie_InputPipe_Valve_Input_Definition,250,Variable
BoilersArea_BoilerCharlie_InputPipe_Valve_Input_ValuePrecision,251,Variable
BoilersArea_BoilerCharlie_InputPipe_Valve_Input_InstrumentRange,252,Variable
BoilersArea_BoilerCharlie_InputPipe_Valve_Input_EURange,253,Variable
BoilersArea_BoilerCharlie_InputPipe_Valve_Input_EngineeringUnits,254,Variable
BoilersArea_BoilerCharlie_Drum,255,Object
BoilersArea_BoilerCharlie_Drum_LevelIndicator,256,Object
BoilersArea_BoilerCharlie_Drum_LevelIndicator_Output,257,Variable
BoilersArea_BoilerCharlie_Drum_LevelIndicator_Output_Definition,258,Variable
BoilersArea_BoilerCharlie_Drum_LevelIndicator_Output_ValuePrecision,259,Variable
BoilersArea_BoilerCharlie_Drum_LevelIndicator_Output_InstrumentRange,260,Variable
BoilersArea_BoilerCharlie_Drum_LevelIndicator_Output_EURange,261,Variable
BoilersArea_BoilerCharlie_Drum_LevelIndicator_Output_EngineeringUnits,262,Variable
BoilersArea_BoilerCharlie_OutputPipe,263,Object
BoilersArea_BoilerCharlie_OutputPipe_FlowTransmitter2,264,Object
BoilersArea_BoilerCharlie_OutputPipe_FlowTransmitter2_Output,265,Variable
BoilersArea_BoilerCharlie_OutputPipe_FlowTransmitter2_Output_Definition,266,Variable
BoilersArea_BoilerCharlie_OutputPipe_FlowTransmitter2_Output_ValuePrecision,267,Variable
BoilersArea_BoilerCharlie_OutputPipe_FlowTransmitter2_Output_InstrumentRange,268,Variable
BoilersArea_BoilerCharlie_OutputPipe_FlowTransmitter2_Output_EURange,269,Variable
BoilersArea_BoilerCharlie_OutputPipe_FlowTransmitter2_Output_EngineeringUnits,270,Variable
BoilersArea_BoilerCharlie_FlowController,271,Object
BoilersArea_BoilerCharlie_FlowController_Measurement,272,Variable
BoilersArea_BoilerCharlie_FlowController_SetPoint,273,Variable
BoilersArea_BoilerCharlie_FlowController_ControlOut,274,Variable
BoilersArea_BoilerCharlie_LevelController,275,Object
BoilersArea_BoilerCharlie_LevelController_Measurement,276,Variable
BoilersArea_BoilerCharlie_LevelController_SetPoint,277,Variable
BoilersArea_BoilerCharlie_LevelController_ControlOut,278,Variable
BoilersArea_BoilerCharlie_CustomController,279,Object
BoilersArea_BoilerCharlie_CustomController_Input1,280,Variable
BoilersArea_BoilerCharlie_CustomController_Input2,281,Variable
BoilersArea_BoilerCharlie_CustomController_Input3,282,Variable
BoilersArea_BoilerCharlie_CustomController_ControlOut,283,Variable
BoilersArea_BoilerCharlie_CustomController_DescriptionX,284,Variable
BoilersArea_BoilerCharlie_Simulation,285,Object
BoilersArea_BoilerCharlie_Simulation_CurrentState,286,Variable
BoilersArea_BoilerCharlie_Simulation_CurrentState_Id,287,Variable
BoilersArea_BoilerCharlie_Simulation_CurrentState_Name,288,Variable
BoilersArea_BoilerCharlie_Simulation_CurrentState_Number,289,Variable
BoilersArea_BoilerCharlie_Simulation_CurrentState_EffectiveDisplayName,290,Variable
BoilersArea_BoilerCharlie_Simulation_LastTransition,291,Variable
BoilersArea_BoilerCharlie_Simulation_LastTransition_Id,292,Variable
BoilersArea_BoilerCharlie_Simulation_LastTransition_Name,293,Variable
BoilersArea_BoilerCharlie_Simulation_LastTransition_Number,294,Variable
BoilersArea_BoilerCharlie_Simulation_LastTransition_TransitionTime,295,Variable
BoilersArea_BoilerCharlie_Simulation_LastTransition_EffectiveTransitionTime,296,Variable
BoilersArea_BoilerCharlie_Simulation_Deletable,297,Variable
BoilersArea_BoilerCharlie_Simulation_AutoDelete,298,Variable
BoilersArea_BoilerCharlie_Simulation_RecycleCount,299,Variable
BoilersArea_BoilerCharlie_Simulation_ProgramDiagnostics,300,Variable
BoilersArea_BoilerCharlie_Simulation_ProgramDiagnostics_CreateSessionId,301,Variable
BoilersArea_BoilerCharlie_Simulation_ProgramDiagnostics_CreateClientName,302,Variable
BoilersArea_BoilerCharlie_Simulation_ProgramDiagnostics_InvocationCreationTime,303,Variable
BoilersArea_BoilerCharlie_Simulation_ProgramDiagnostics_LastTransitionTime,304,Variable
BoilersArea_BoilerCharlie_Simulation_ProgramDiagnostics_LastMethodCall,305,Variable
BoilersArea_BoilerCharlie_Simulation_ProgramDiagnostics_LastMethodSessionId,306,Variable
BoilersArea_BoilerCharlie_Simulation_ProgramDiagnostics_LastMethodInputArguments,307,Variable
BoilersArea_BoilerCharlie_Simulation_ProgramDiagnostics_LastMethodOutputArguments,308,Variable
BoilersArea_BoilerCharlie_Simulation_ProgramDiagnostics_LastMethodCallTime,309,Variable
BoilersArea_BoilerCharlie_Simulation_ProgramDiagnostics_LastMethodReturnStatus,310,Variable
BoilersArea_BoilerCharlie_Simulation_FinalResultData,311,Object
BoilersArea_BoilerCharlie_Simulation_Start,312,Method
BoilersArea_BoilerCharlie_Simulation_Suspend,313,Method
BoilersArea_BoilerCharlie_Simulation_Resume,314,Method
BoilersArea_BoilerCharlie_Simulation_Halt,315,Method
BoilersArea_BoilerCharlie_Simulation_Reset,316,Method
BoilersArea_BoilerCharlie_Simulation_UpdateRate,317,Variable
BoilersArea_BoilerDelta,318,Object
BoilersArea_BoilerDelta_InputPipe,319,Object
BoilersArea_BoilerDelta_InputPipe_FlowTransmitter1,320,Object
BoilersArea_BoilerDelta_InputPipe_FlowTransmitter1_Output,321,Variable
BoilersArea_BoilerDelta_InputPipe_FlowTransmitter1_Output_Definition,322,Variable
BoilersArea_BoilerDelta_InputPipe_FlowTransmitter1_Output_ValuePrecision,323,Variable
BoilersArea_BoilerDelta_InputPipe_FlowTransmitter1_Output_InstrumentRange,324,Variable
BoilersArea_BoilerDelta_InputPipe_FlowTransmitter1_Output_EURange,325,Variable
BoilersArea_BoilerDelta_InputPipe_FlowTransmitter1_Output_EngineeringUnits,326,Variable
BoilersArea_BoilerDelta_InputPipe_Valve,327,Object
BoilersArea_BoilerDelta_InputPipe_Valve_Input,328,Variable
BoilersArea_BoilerDelta_InputPipe_Valve_Input_Definition,329,Variable
BoilersArea_BoilerDelta_InputPipe_Valve_Input_ValuePrecision,330,Variable
BoilersArea_BoilerDelta_InputPipe_Valve_Input_InstrumentRange,331,Variable
BoilersArea_BoilerDelta_InputPipe_Valve_Input_EURange,332,Variable
BoilersArea_BoilerDelta_InputPipe_Valve_Input_EngineeringUnits,333,Variable
BoilersArea_BoilerDelta_Drum,334,Object
BoilersArea_BoilerDelta_Drum_LevelIndicator,335,Object
BoilersArea_BoilerDelta_Drum_LevelIndicator_Output,336,Variable
BoilersArea_BoilerDelta_Drum_LevelIndicator_Output_Definition,337,Variable
BoilersArea_BoilerDelta_Drum_LevelIndicator_Output_ValuePrecision,338,Variable
BoilersArea_BoilerDelta_Drum_LevelIndicator_Output_InstrumentRange,339,Variable
BoilersArea_BoilerDelta_Drum_LevelIndicator_Output_EURange,340,Variable
BoilersArea_BoilerDelta_Drum_LevelIndicator_Output_EngineeringUnits,341,Variable
BoilersArea_BoilerDelta_OutputPipe,342,Object
BoilersArea_BoilerDelta_OutputPipe_FlowTransmitter2,343,Object
BoilersArea_BoilerDelta_OutputPipe_FlowTransmitter2_Output,344,Variable
BoilersArea_BoilerDelta_OutputPipe_FlowTransmitter2_Output_Definition,345,Variable
BoilersArea_BoilerDelta_OutputPipe_FlowTransmitter2_Output_ValuePrecision,346,Variable
BoilersArea_BoilerDelta_OutputPipe_FlowTransmitter2_Output_InstrumentRange,347,Variable
BoilersArea_BoilerDelta_OutputPipe_FlowTransmitter2_Output_EURange,348,Variable
BoilersArea_BoilerDelta_OutputPipe_FlowTransmitter2_Output_EngineeringUnits,349,Variable
BoilersArea_BoilerDelta_FlowController,350,Object
BoilersArea_BoilerDelta_FlowController_Measurement,351,Variable
BoilersArea_BoilerDelta_FlowController_SetPoint,352,Variable
BoilersArea_BoilerDelta_FlowController_ControlOut,353,Variable
BoilersArea_BoilerDelta_LevelController,354,Object
BoilersArea_BoilerDelta_LevelController_Measurement,355,Variable
BoilersArea_BoilerDelta_LevelController_SetPoint,356,Variable
BoilersArea_BoilerDelta_LevelController_ControlOut,357,Variable
BoilersArea_BoilerDelta_CustomController,358,Object
BoilersArea_BoilerDelta_CustomController_Input1,359,Variable
BoilersArea_BoilerDelta_CustomController_Input2,360,Variable
BoilersArea_BoilerDelta_CustomController_Input3,361,Variable
BoilersArea_BoilerDelta_CustomController_ControlOut,362,Variable
BoilersArea_BoilerDelta_CustomController_DescriptionX,363,Variable
BoilersArea_BoilerDelta_Simulation,364,Object
BoilersArea_BoilerDelta_Simulation_CurrentState,365,Variable
BoilersArea_BoilerDelta_Simulation_CurrentState_Id,366,Variable
BoilersArea_BoilerDelta_Simulation_CurrentState_Name,367,Variable
BoilersArea_BoilerDelta_Simulation_CurrentState_Number,368,Variable
BoilersArea_BoilerDelta_Simulation_CurrentState_EffectiveDisplayName,369,Variable
BoilersArea_BoilerDelta_Simulation_LastTransition,370,Variable
BoilersArea_BoilerDelta_Simulation_LastTransition_Id,371,Variable
BoilersArea_BoilerDelta_Simulation_LastTransition_Name,372,Variable
BoilersArea_BoilerDelta_Simulation_LastTransition_Number,373,Variable
BoilersArea_BoilerDelta_Simulation_LastTransition_TransitionTime,374,Variable
BoilersArea_BoilerDelta_Simulation_LastTransition_EffectiveTransitionTime,375,Variable
BoilersArea_BoilerDelta_Simulation_Deletable,376,Variable
BoilersArea_BoilerDelta_Simulation_AutoDelete,377,Variable
BoilersArea_BoilerDelta_Simulation_RecycleCount,378,Variable
BoilersArea_BoilerDelta_Simulation_ProgramDiagnostics,379,Variable
BoilersArea_BoilerDelta_Simulation_ProgramDiagnostics_CreateSessionId,380,Variable
BoilersArea_BoilerDelta_Simulation_ProgramDiagnostics_CreateClientName,381,Variable
BoilersArea_BoilerDelta_Simulation_ProgramDiagnostics_InvocationCreationTime,382,Variable
BoilersArea_BoilerDelta_Simulation_ProgramDiagnostics_LastTransitionTime,383,Variable
BoilersArea_BoilerDelta_Simulation_ProgramDiagnostics_LastMethodCall,384,Variable
BoilersArea_BoilerDelta_Simulation_ProgramDiagnostics_LastMethodSessionId,385,Variable
BoilersArea_BoilerDelta_Simulation_ProgramDiagnostics_LastMethodInputArguments,386,Variable
BoilersArea_BoilerDelta_Simulation_ProgramDiagnostics_LastMethodOutputArguments,387,Variable
BoilersArea_BoilerDelta_Simulation_ProgramDiagnostics_LastMethodCallTime,388,Variable
BoilersArea_BoilerDelta_Simulation_ProgramDiagnostics_LastMethodReturnStatus,389,Variable
BoilersArea_BoilerDelta_Simulation_FinalResultData,390,Object
BoilersArea_BoilerDelta_Simulation_Start,391,Method
BoilersArea_BoilerDelta_Simulation_Suspend,392,Method
BoilersArea_BoilerDelta_Simulation_Resume,393,Method
BoilersArea_BoilerDelta_Simulation_Halt,394,Method
BoilersArea_BoilerDelta_Simulation_Reset,395,Method
BoilersArea_BoilerDelta_Simulation_UpdateRate,396,Variable
Drums,398,Object
Pipes,399,Object
